27, April ,2020, 11:30:05 ,25.1,56.8
27, May,2021, 11:30:06,25.1,56.8
27, June,2022, 11:30:07,25.1,56.8
27, July,2023, 11:30:08,25.1,56.8
27, August,2024, 11:30:09,25.1,56.8
27, September,2025, 11:30:10,25.1,56.8
27, October,2026, 11:30:11,25.1,56.8
27, November,2027, 11:30:12,25.1,56.8
27, December,2028, 11:30:13,25.1,56.8
27, January,2029, 11:30:14,25.1,56.8
27, February,2030, 11:30:15,25.1,56.8
27, March,2031, 11:30:16,25.1,56.8
27, April,2032, 11:30:17,25.1,56.8
27, May,2033, 11:30:18,25.1,56.8
27, June,2034, 11:30:19,25.1,56.8
27, July,2035, 11:30:20,25.1,56.8
27, August,2036, 11:30:21,25.1,56.8
27, September,2037, 11:30:22,25.1,56.8
27, October,2038, 11:30:23,25.1,56.8
27, November,2039, 11:30:24,25.1,56.8
27, December,2040, 11:30:25,25.1,56.8
27, January,2041, 11:30:26,25.1,56.8
27, February,2042, 11:30:27,25.1,56.8
27, March,2043, 11:30:28,25.1,56.8
27, April,2044, 11:30:29,25.1,56.8
27, May,2045, 11:30:30,25.1,56.8
27, June,2046, 11:30:31,25.1,56.8
27, July,2047, 11:30:32,25.1,56.8
27, August,2048, 11:30:33,25.1,56.8
27, September,2049, 11:30:34,25.1,56.8
27, October,2050, 11:30:35,25.1,56.8
27, November,2051, 11:30:36,25.1,56.8
27, December,2052, 11:30:37,25.1,56.8
27, January,2053, 11:30:38,25.1,56.8
27, February,2054, 11:30:39,25.1,56.8
    